DATAFLOW,LAST UPDATE,freq,schedule,unit,geo,TIME_PERIOD,OBS_VALUE,OBS_FLAG,CONF_STATUS
ESTAT:AVIA_TF_CM(1.0),10/11/25 23:00:00,Monthly,Total,Number,European Union - 27 countries (from 2020),2019-01,494946,,
ESTAT:AVIA_TF_CM(1.0),10/11/25 23:00:00,Monthly,Total,Number,European Union - 27 countries (from 2020),2019-02,459903,,
ESTAT:AVIA_TF_CM(1.0),10/11/25 23:00:00,Monthly,Total,Number,European Union - 27 countries (from 2020),2019-03,530005,,
ESTAT:AVIA_TF_CM(1.0),10/11/25 23:00:00,Monthly,Total,Number,European Union - 27 countries (from 2020),2019-04,581335,,
ESTAT:AVIA_TF_CM(1.0),10/11/25 23:00:00,Monthly,Total,Number,European Union - 27 countries (from 2020),2019-05,629033,,
ESTAT:AVIA_TF_CM(1.0),10/11/25 23:00:00,Monthly,Total,Number,European Union - 27 countries (from 2020),2019-06,662490,,
ESTAT:AVIA_TF_CM(1.0),10/11/25 23:00:00,Monthly,Total,Number,European Union - 27 countries (from 2020),2019-07,702675,,
ESTAT:AVIA_TF_CM(1.0),10/11/25 23:00:00,Monthly,Total,Number,European Union - 27 countries (from 2020),2019-08,695347,,
ESTAT:AVIA_TF_CM(1.0),10/11/25 23:00:00,Monthly,Total,Number,European Union - 27 countries (from 2020),2019-09,664845,,
ESTAT:AVIA_TF_CM(1.0),10/11/25 23:00:00,Monthly,Total,Number,European Union - 27 countries (from 2020),2019-10,621168,,
ESTAT:AVIA_TF_CM(1.0),10/11/25 23:00:00,Monthly,Total,Number,European Union - 27 countries (from 2020),2019-11,503248,,
ESTAT:AVIA_TF_CM(1.0),10/11/25 23:00:00,Monthly,Total,Number,European Union - 27 countries (from 2020),2019-12,503846,,
ESTAT:AVIA_TF_CM(1.0),10/11/25 23:00:00,Monthly,Total,Number,European Union - 27 countries (from 2020),2020-01,490911,,
ESTAT:AVIA_TF_CM(1.0),10/11/25 23:00:00,Monthly,Total,Number,European Union - 27 countries (from 2020),2020-02,466319,,
ESTAT:AVIA_TF_CM(1.0),10/11/25 23:00:00,Monthly,Total,Number,European Union - 27 countries (from 2020),2020-03,296109,,
ESTAT:AVIA_TF_CM(1.0),10/11/25 23:00:00,Monthly,Total,Number,European Union - 27 countries (from 2020),2020-04,51124,,
ESTAT:AVIA_TF_CM(1.0),10/11/25 23:00:00,Monthly,Total,Number,European Union - 27 countries (from 2020),2020-05,63866,,
ESTAT:AVIA_TF_CM(1.0),10/11/25 23:00:00,Monthly,Total,Number,European Union - 27 countries (from 2020),2020-06,104544,,
ESTAT:AVIA_TF_CM(1.0),10/11/25 23:00:00,Monthly,Total,Number,European Union - 27 countries (from 2020),2020-07,256147,,
ESTAT:AVIA_TF_CM(1.0),10/11/25 23:00:00,Monthly,Total,Number,European Union - 27 countries (from 2020),2020-08,324232,,
ESTAT:AVIA_TF_CM(1.0),10/11/25 23:00:00,Monthly,Total,Number,European Union - 27 countries (from 2020),2020-09,256367,,
ESTAT:AVIA_TF_CM(1.0),10/11/25 23:00:00,Monthly,Total,Number,European Union - 27 countries (from 2020),2020-10,238818,,
ESTAT:AVIA_TF_CM(1.0),10/11/25 23:00:00,Monthly,Total,Number,European Union - 27 countries (from 2020),2020-11,159681,,
ESTAT:AVIA_TF_CM(1.0),10/11/25 23:00:00,Monthly,Total,Number,European Union - 27 countries (from 2020),2020-12,166848,,
ESTAT:AVIA_TF_CM(1.0),10/11/25 23:00:00,Monthly,Total,Number,European Union - 27 countries (from 2020),2021-01,156728,,
ESTAT:AVIA_TF_CM(1.0),10/11/25 23:00:00,Monthly,Total,Number,European Union - 27 countries (from 2020),2021-02,125896,,
ESTAT:AVIA_TF_CM(1.0),10/11/25 23:00:00,Monthly,Total,Number,European Union - 27 countries (from 2020),2021-03,151832,,
ESTAT:AVIA_TF_CM(1.0),10/11/25 23:00:00,Monthly,Total,Number,European Union - 27 countries (from 2020),2021-04,172619,,
ESTAT:AVIA_TF_CM(1.0),10/11/25 23:00:00,Monthly,Total,Number,European Union - 27 countries (from 2020),2021-05,210394,,
ESTAT:AVIA_TF_CM(1.0),10/11/25 23:00:00,Monthly,Total,Number,European Union - 27 countries (from 2020),2021-06,301845,,
ESTAT:AVIA_TF_CM(1.0),10/11/25 23:00:00,Monthly,Total,Number,European Union - 27 countries (from 2020),2021-07,442609,,
ESTAT:AVIA_TF_CM(1.0),10/11/25 23:00:00,Monthly,Total,Number,European Union - 27 countries (from 2020),2021-08,478420,,
ESTAT:AVIA_TF_CM(1.0),10/11/25 23:00:00,Monthly,Total,Number,European Union - 27 countries (from 2020),2021-09,443809,,
ESTAT:AVIA_TF_CM(1.0),10/11/25 23:00:00,Monthly,Total,Number,European Union - 27 countries (from 2020),2021-10,434315,,
ESTAT:AVIA_TF_CM(1.0),10/11/25 23:00:00,Monthly,Total,Number,European Union - 27 countries (from 2020),2021-11,373777,,
ESTAT:AVIA_TF_CM(1.0),10/11/25 23:00:00,Monthly,Total,Number,European Union - 27 countries (from 2020),2021-12,383242,,
ESTAT:AVIA_TF_CM(1.0),10/11/25 23:00:00,Monthly,Total,Number,European Union - 27 countries (from 2020),2022-01,324932,,
ESTAT:AVIA_TF_CM(1.0),10/11/25 23:00:00,Monthly,Total,Number,European Union - 27 countries (from 2020),2022-02,308980,,
ESTAT:AVIA_TF_CM(1.0),10/11/25 23:00:00,Monthly,Total,Number,European Union - 27 countries (from 2020),2022-03,388830,,
ESTAT:AVIA_TF_CM(1.0),10/11/25 23:00:00,Monthly,Total,Number,European Union - 27 countries (from 2020),2022-04,468443,,
ESTAT:AVIA_TF_CM(1.0),10/11/25 23:00:00,Monthly,Total,Number,European Union - 27 countries (from 2020),2022-05,527829,,
ESTAT:AVIA_TF_CM(1.0),10/11/25 23:00:00,Monthly,Total,Number,European Union - 27 countries (from 2020),2022-06,555155,,
ESTAT:AVIA_TF_CM(1.0),10/11/25 23:00:00,Monthly,Total,Number,European Union - 27 countries (from 2020),2022-07,595273,,
ESTAT:AVIA_TF_CM(1.0),10/11/25 23:00:00,Monthly,Total,Number,European Union - 27 countries (from 2020),2022-08,596238,,
ESTAT:AVIA_TF_CM(1.0),10/11/25 23:00:00,Monthly,Total,Number,European Union - 27 countries (from 2020),2022-09,561001,,
ESTAT:AVIA_TF_CM(1.0),10/11/25 23:00:00,Monthly,Total,Number,European Union - 27 countries (from 2020),2022-10,533348,,
ESTAT:AVIA_TF_CM(1.0),10/11/25 23:00:00,Monthly,Total,Number,European Union - 27 countries (from 2020),2022-11,421241,,
ESTAT:AVIA_TF_CM(1.0),10/11/25 23:00:00,Monthly,Total,Number,European Union - 27 countries (from 2020),2022-12,427687,,
ESTAT:AVIA_TF_CM(1.0),10/11/25 23:00:00,Monthly,Total,Number,European Union - 27 countries (from 2020),2023-01,408219,,
ESTAT:AVIA_TF_CM(1.0),10/11/25 23:00:00,Monthly,Total,Number,European Union - 27 countries (from 2020),2023-02,384441,,
ESTAT:AVIA_TF_CM(1.0),10/11/25 23:00:00,Monthly,Total,Number,European Union - 27 countries (from 2020),2023-03,448635,,
ESTAT:AVIA_TF_CM(1.0),10/11/25 23:00:00,Monthly,Total,Number,European Union - 27 countries (from 2020),2023-04,508754,,
ESTAT:AVIA_TF_CM(1.0),10/11/25 23:00:00,Monthly,Total,Number,European Union - 27 countries (from 2020),2023-05,563479,,
ESTAT:AVIA_TF_CM(1.0),10/11/25 23:00:00,Monthly,Total,Number,European Union - 27 countries (from 2020),2023-06,594414,,
ESTAT:AVIA_TF_CM(1.0),10/11/25 23:00:00,Monthly,Total,Number,European Union - 27 countries (from 2020),2023-07,640591,,
ESTAT:AVIA_TF_CM(1.0),10/11/25 23:00:00,Monthly,Total,Number,European Union - 27 countries (from 2020),2023-08,637012,,
ESTAT:AVIA_TF_CM(1.0),10/11/25 23:00:00,Monthly,Total,Number,European Union - 27 countries (from 2020),2023-09,606858,,
ESTAT:AVIA_TF_CM(1.0),10/11/25 23:00:00,Monthly,Total,Number,European Union - 27 countries (from 2020),2023-10,581273,,
ESTAT:AVIA_TF_CM(1.0),10/11/25 23:00:00,Monthly,Total,Number,European Union - 27 countries (from 2020),2023-11,453423,,
ESTAT:AVIA_TF_CM(1.0),10/11/25 23:00:00,Monthly,Total,Number,European Union - 27 countries (from 2020),2023-12,458900,,
ESTAT:AVIA_TF_CM(1.0),10/11/25 23:00:00,Monthly,Total,Number,European Union - 27 countries (from 2020),2024-01,428294,,
ESTAT:AVIA_TF_CM(1.0),10/11/25 23:00:00,Monthly,Total,Number,European Union - 27 countries (from 2020),2024-02,418738,,
ESTAT:AVIA_TF_CM(1.0),10/11/25 23:00:00,Monthly,Total,Number,European Union - 27 countries (from 2020),2024-03,481317,,
ESTAT:AVIA_TF_CM(1.0),10/11/25 23:00:00,Monthly,Total,Number,European Union - 27 countries (from 2020),2024-04,545338,,
ESTAT:AVIA_TF_CM(1.0),10/11/25 23:00:00,Monthly,Total,Number,European Union - 27 countries (from 2020),2024-05,605845,,
ESTAT:AVIA_TF_CM(1.0),10/11/25 23:00:00,Monthly,Total,Number,European Union - 27 countries (from 2020),2024-06,631319,,
ESTAT:AVIA_TF_CM(1.0),10/11/25 23:00:00,Monthly,Total,Number,European Union - 27 countries (from 2020),2024-07,671653,,
ESTAT:AVIA_TF_CM(1.0),10/11/25 23:00:00,Monthly,Total,Number,European Union - 27 countries (from 2020),2024-08,670807,,
ESTAT:AVIA_TF_CM(1.0),10/11/25 23:00:00,Monthly,Total,Number,European Union - 27 countries (from 2020),2024-09,636345,,
ESTAT:AVIA_TF_CM(1.0),10/11/25 23:00:00,Monthly,Total,Number,European Union - 27 countries (from 2020),2024-10,603508,,
ESTAT:AVIA_TF_CM(1.0),10/11/25 23:00:00,Monthly,Total,Number,European Union - 27 countries (from 2020),2024-11,473283,,
ESTAT:AVIA_TF_CM(1.0),10/11/25 23:00:00,Monthly,Total,Number,European Union - 27 countries (from 2020),2024-12,483918,,
ESTAT:AVIA_TF_CM(1.0),10/11/25 23:00:00,Monthly,Total,Number,European Union - 27 countries (from 2020),2025-01,450135,,
ESTAT:AVIA_TF_CM(1.0),10/11/25 23:00:00,Monthly,Total,Number,European Union - 27 countries (from 2020),2025-02,431983,,
ESTAT:AVIA_TF_CM(1.0),10/11/25 23:00:00,Monthly,Total,Number,European Union - 27 countries (from 2020),2025-03,506313,,
ESTAT:AVIA_TF_CM(1.0),10/11/25 23:00:00,Monthly,Total,Number,European Union - 27 countries (from 2020),2025-04,574349,,
ESTAT:AVIA_TF_CM(1.0),10/11/25 23:00:00,Monthly,Total,Number,European Union - 27 countries (from 2020),2025-05,626765,,
ESTAT:AVIA_TF_CM(1.0),10/11/25 23:00:00,Monthly,Total,Number,European Union - 27 countries (from 2020),2025-06,648707,,
ESTAT:AVIA_TF_CM(1.0),10/11/25 23:00:00,Monthly,Total,Number,European Union - 27 countries (from 2020),2025-07,690855,,
ESTAT:AVIA_TF_CM(1.0),10/11/25 23:00:00,Monthly,Total,Number,European Union - 27 countries (from 2020),2025-08,693046,,
ESTAT:AVIA_TF_CM(1.0),10/11/25 23:00:00,Monthly,Total,Number,European Union - 27 countries (from 2020),2025-09,653072,,
ESTAT:AVIA_TF_CM(1.0),10/11/25 23:00:00,Monthly,Total,Number,European Union - 27 countries (from 2020),2025-10,627612,,
